Date,Cas confirmés,Nouveaux cas,Décès,Nouveaux décès,Nouveaux tests,Tests effectués,Taux positif,Tests par cas,Bénéficiaires de la vaccination,Personnes entièrement vaccinées,Nouveaux vaccinations
2020-03-02,1,1,,,,29,,,,,
2020-03-03,1,0,,,4,33,,,,,
2020-03-04,1,0,,,2,35,,,,,
2020-03-05,2,1,,,7,42,,,,,
2020-03-06,2,0,,,10,52,,,,,
2020-03-07,2,0,,,5,57,0.057,17.5,,,
2020-03-08,2,0,,,,,0.057,17.5,,,
2020-03-09,2,0,,,,62,0.029,35,,,
2020-03-10,3,1,1,1,4,66,0.057,17.5,,,
2020-03-11,5,2,1,0,,,0.082,12.3,,,
2020-03-12,6,1,1,0,,97,0.071,14,,,
2020-03-13,7,1,1,0,4,101,0.102,9.8,,,
2020-03-14,17,10,1,0,29,130,0.214,4.7,,,
2020-03-15,28,11,1,0,,,0.265,3.8,,,
2020-03-16,29,1,1,0,,189,0.214,4.7,,,
2020-03-17,38,9,2,1,38,227,0.217,4.6,,,
2020-03-18,49,11,2,0,90,317,0.185,5.4,,,
2020-03-19,63,14,2,0,53,370,0.209,4.8,,,
2020-03-20,77,14,3,1,94,464,0.192,5.2,,,
2020-03-21,96,19,3,0,73,537,0.195,5.1,,,
2020-03-22,115,19,4,1,90,627,0.186,5.4,,,
2020-03-23,143,28,4,0,159,786,0.192,5.2,,,
2020-03-24,170,27,5,1,69,855,0.21,4.8,,,
2020-03-25,225,55,6,1,140,995,0.259,3.9,,,
2020-03-26,275,50,11,5,211,1206,0.255,3.9,,,
2020-03-27,345,70,23,12,562,1768,0.206,4.9,,,
2020-03-28,402,57,25,2,208,1976,0.212,4.7,,,
2020-03-29,479,77,26,1,297,2273,0.221,4.5,,,
2020-03-30,556,77,33,7,478,2751,0.21,4.8,,,
2020-03-31,617,61,36,3,149,2900,0.219,4.6,,,
2020-04-01,654,37,39,3,445,3345,0.182,5.5,,,
2020-04-02,708,54,44,5,279,3624,0.179,5.6,,,
2020-04-03,791,83,48,4,286,3910,0.208,4.8,,,
2020-04-04,919,128,59,11,411,4321,0.22,4.5,,,
2020-04-05,1021,102,70,11,527,4848,0.21,4.8,,,
2020-04-06,1120,99,80,10,256,5104,0.24,4.2,,,
2020-04-07,1184,64,90,10,333,5437,0.224,4.5,,,
2020-04-08,1275,91,93,3,315,5752,0.258,3.9,,,
2020-04-09,1374,99,97,4,631,6383,0.241,4.1,,,
2020-04-10,1448,74,107,10,856,7239,0.197,5.1,,,
2020-04-11,1545,97,111,4,709,7948,0.173,5.8,,,
2020-04-12,1661,116,118,7,656,8604,0.17,5.9,,,
2020-04-13,1763,102,126,8,524,9128,0.16,6.3,,,
2020-04-14,1888,125,126,0,794,9922,0.157,6.4,,,
2020-04-15,2024,136,127,1,728,10650,0.153,6.5,,,
2020-04-16,2283,259,130,3,1346,11996,0.162,6.2,,,
2020-04-17,2564,281,135,5,956,12952,0.195,5.1,,,
2020-04-18,2685,121,137,2,737,13689,0.199,5,,,
2020-04-19,2855,170,141,4,1434,15123,0.183,5.5,,,
2020-04-20,3046,191,143,2,1263,16386,0.177,5.7,,,
2020-04-21,3209,163,145,2,1714,18100,0.162,6.2,,,
2020-04-22,3446,237,149,4,1785,19885,0.154,6.5,,,
2020-04-23,3568,122,155,6,2062,21947,0.129,7.7,,,
2020-04-24,3758,190,158,3,1986,23933,0.109,9.2,,,
2020-04-25,3897,139,159,1,1510,25443,0.103,9.7,,,
2020-04-26,4065,168,161,2,1956,27399,0.099,10.1,,,
2020-04-27,4120,55,162,1,1855,29254,0.083,12,,,
2020-04-28,4252,132,165,3,1996,31250,0.079,12.6,,,
2020-04-29,4321,69,168,3,1680,32930,0.067,14.9,,,
2020-04-30,4423,102,170,2,1911,34841,0.066,15.1,,,
2020-05-01,4569,146,171,1,2165,37006,0.062,16.1,,,
2020-05-02,4729,160,173,2,2361,39367,0.06,16.7,,,
2020-05-03,4903,174,174,1,2745,42112,0.057,17.6,,,
2020-05-04,5053,150,179,5,3190,45302,0.058,17.2,,,
2020-05-05,5219,166,181,2,4268,49570,0.053,18.9,,,
2020-05-06,5408,189,183,2,3388,52958,0.054,18.4,,,
2020-05-07,5548,140,183,0,3534,56492,0.052,19.2,,,
2020-05-08,5711,163,186,3,3379,59871,0.05,20,,,
2020-05-09,5910,199,186,0,3188,63059,0.05,20.1,,,
2020-05-10,6063,153,188,2,2865,65924,0.049,20.5,,,
2020-05-11,6281,218,188,0,3056,68980,0.052,19.3,,,
2020-05-12,6418,137,188,0,2835,71815,0.054,18.6,,,
2020-05-13,6512,94,188,0,4055,75870,0.048,20.8,,,
2020-05-14,6607,95,190,2,2052,77922,0.049,20.2,,,
2020-05-15,6652,45,190,0,3694,81616,0.043,23.1,,,
2020-05-16,6741,89,192,2,3388,85004,0.038,26.4,,,
2020-05-17,6870,129,192,0,4953,89957,0.034,29.8,,,
2020-05-18,6952,82,192,0,5579,95536,0.025,39.6,,,
2020-05-19,7023,71,193,1,4831,100367,0.021,47.2,,,
2020-05-20,7133,110,194,1,5637,106004,0.021,48.5,,,
2020-05-21,7211,78,196,2,6993,112997,0.017,58.1,,,
2020-05-22,7332,121,197,1,10405,123402,0.016,61.4,,,
2020-05-23,7406,74,198,1,10159,133561,0.014,73,,,
2020-05-24,7433,27,199,1,9321,142882,0.011,94,,,
2020-05-25,7532,99,200,1,9321,152203,0.01,97.7,,,
2020-05-26,7577,45,202,2,9162,161365,0.009,110.1,,,
2020-05-27,7601,24,202,0,9348,170713,0.007,138.3,,,
2020-05-28,7643,42,202,0,9476,180189,0.006,155.5,,,
2020-05-29,7714,71,202,0,9872,190061,0.006,174.5,,,
2020-05-30,7780,66,204,2,9937,199998,0.006,177.6,,,
2020-05-31,7807,27,205,1,9141,209139,0.006,177.2,,,
2020-06-01,7833,26,205,0,12415,221554,0.004,230.4,,,
2020-06-02,7866,33,206,1,13097,234651,0.004,253.6,,,
2020-06-03,7922,56,206,0,13173,247824,0.004,240.2,,,
2020-06-04,8003,81,208,2,13186,261010,0.004,224.5,,,
2020-06-05,8071,68,208,0,14339,275349,0.004,238.9,,,
2020-06-06,8151,80,208,0,14108,289457,0.004,241.1,,,
2020-06-07,8224,73,208,0,16496,305953,0.004,232.2,,,
2020-06-08,8302,78,208,0,16750,322703,0.005,215.7,,,
2020-06-09,8437,135,210,2,16868,339571,0.005,183.8,,,
2020-06-10,8508,71,211,1,16480,356051,0.005,184.7,,,
2020-06-11,8537,29,211,0,16540,372591,0.005,209,,,
2020-06-12,8610,73,212,1,16551,389142,0.005,211.1,,,
2020-06-13,8692,82,212,0,16756,405898,0.005,215.2,,,
2020-06-14,8793,101,212,0,16622,422520,0.005,204.9,,,
2020-06-15,8885,92,212,0,16752,439272,0.005,199.9,,,
2020-06-16,8931,46,212,0,16496,455768,0.004,235.2,,,
2020-06-17,8997,66,213,1,15968,471736,0.004,236.6,,,
2020-06-18,9074,77,213,0,17211,488947,0.005,216.7,,,
2020-06-19,9613,539,213,0,16689,505636,0.009,116.1,,,
2020-06-20,9839,226,213,0,16530,522166,0.01,101.4,,,
2020-06-21,9977,138,214,1,16025,538191,0.01,97.7,,,
2020-06-22,10172,195,214,0,18504,556695,0.011,91.2,,,
2020-06-23,10344,172,214,0,18481,575176,0.012,84.5,,,
2020-06-24,10907,563,216,2,16581,591757,0.016,62.8,,,
2020-06-25,11338,431,217,1,,,0.019,51.7,,,
2020-06-26,11633,295,218,1,,620435,0.018,56.8,,,
2020-06-27,11877,244,220,2,13059,633494,0.018,54.6,,,
2020-06-28,12052,175,221,1,12701,646195,0.019,52,,,
2020-06-29,12290,238,225,4,16619,662814,0.02,50.1,,,
2020-06-30,12533,243,228,3,18377,681191,0.021,48.4,,,
2020-07-01,12636,103,228,0,16937,698128,0.016,61.5,,,
2020-07-02,12969,333,229,1,17725,715853,0.015,67.3,,,
2020-07-03,13288,319,230,1,16641,732494,0.015,67.7,,,
2020-07-04,13822,534,232,2,15955,748449,0.017,59.1,,,
2020-07-05,14215,393,235,3,17131,765580,0.018,55.2,,,
2020-07-06,14379,164,237,2,18059,783639,0.017,57.8,,,
2020-07-07,14607,228,240,3,17690,801329,0.017,57.9,,,
2020-07-08,14771,164,242,2,17795,819124,0.018,56.7,,,
2020-07-09,15079,308,242,0,16140,835264,0.018,56.6,,,
2020-07-10,15328,249,243,1,13833,849097,0.017,57.2,,,
2020-07-11,15542,214,245,2,15497,864594,0.015,67.5,,,
2020-07-12,15745,203,250,5,14032,878626,0.014,73.9,,,
2020-07-13,15936,191,255,5,18012,896638,0.014,72.6,,,
2020-07-14,16097,161,257,2,18502,915140,0.013,76.4,,,
2020-07-15,16262,165,259,2,18908,934048,0.013,77.1,,,
2020-07-16,16545,283,263,4,19667,953715,0.012,80.8,,,
2020-07-17,16726,181,264,1,19689,973404,0.011,88.9,,,
2020-07-18,17015,289,269,5,17110,990514,0.012,85.5,,,
2020-07-19,17236,221,273,4,18812,1009326,0.011,87.7,,,
2020-07-20,17562,326,276,3,18447,1027773,0.012,80.7,,,
2020-07-21,17742,180,280,4,19033,1046806,0.012,80,,,
2020-07-22,17962,220,285,5,19027,1065833,0.013,77.5,,,
2020-07-23,18264,302,292,7,19657,1085490,0.013,76.7,,,
2020-07-24,18834,570,299,7,19781,1105271,0.016,62.6,,,
2020-07-25,19645,811,305,6,20942,1126213,0.019,51.6,,,
2020-07-26,20278,633,313,8,20960,1147173,0.022,45.3,,,
2020-07-27,20887,609,316,3,20940,1168113,0.024,42.2,,,
2020-07-28,21387,500,327,11,20688,1188801,0.026,39,,,
2020-07-29,22213,826,334,7,21234,1210035,0.029,33.9,,,
2020-07-30,23259,1046,346,12,21160,1231195,0.034,29.2,,,
2020-07-31,24322,1063,353,7,21170,1252365,0.037,26.8,,,
2020-08-01,25015,693,367,14,21574,1273939,0.036,27.5,,,
2020-08-02,25537,522,382,15,21255,1295194,0.036,28.1,,,
2020-08-03,26196,659,401,19,21667,1316861,0.036,28,,,
2020-08-04,27217,1021,417,16,22128,1338989,0.039,25.8,,,
2020-08-05,28500,1283,435,18,22561,1361550,0.041,24.1,,,
2020-08-06,29644,1144,449,14,22266,1383816,0.042,23.9,,,
2020-08-07,30662,1018,461,12,21343,1405159,0.041,24.1,,,
2020-08-08,32007,1345,480,19,22476,1427635,0.045,22,,,
2020-08-09,33237,1230,498,18,22333,1449968,0.05,20.1,,,
2020-08-10,34063,826,516,18,22127,1472095,0.051,19.7,,,
2020-08-11,35195,1132,533,17,22001,1494096,0.051,19.4,,,
2020-08-12,36694,1499,556,23,22306,1516402,0.053,18.9,,,
2020-08-13,37935,1241,584,28,22118,1538520,0.054,18.7,,,
2020-08-14,39241,1306,611,27,22007,1560527,0.055,18.1,,,
2020-08-15,41017,1776,632,21,22707,1583234,0.058,17.3,,,
2020-08-16,42489,1472,658,26,22379,1605613,0.059,16.8,,,
2020-08-17,43558,1069,681,23,21197,1626810,0.061,16.3,,,
2020-08-18,44803,1245,714,33,21918,1648728,0.062,16.1,,,
2020-08-19,46313,1510,743,29,21841,1670569,0.062,16,,,
2020-08-20,47638,1325,775,32,21836,1692405,0.063,15.9,,,
2020-08-21,49247,1609,817,42,22178,1714583,0.065,15.4,,,
2020-08-22,50812,1565,858,41,22393,1736976,0.064,15.7,,,
2020-08-23,52349,1537,888,30,21894,1758870,0.064,15.5,,,
2020-08-24,53252,903,920,32,21110,1779980,0.063,15.8,,,
2020-08-25,54528,1276,955,35,22190,1802170,0.063,15.8,,,
2020-08-26,55864,1336,984,29,22081,1824251,0.062,16.1,,,
2020-08-27,57085,1221,1011,27,22009,1846260,0.061,16.3,,,
2020-08-28,58489,1404,1052,41,22285,1868545,0.06,16.7,,,
2020-08-29,60056,1567,1078,26,22419,1890964,0.06,16.7,,,
2020-08-30,61399,1343,1111,33,22001,1912965,0.059,17,,,
2020-08-31,62590,1191,1141,30,21369,1934334,0.06,16.5,,,
2020-09-01,63781,1191,1184,43,22082,1956416,0.06,16.7,,,
2020-09-02,65453,1672,1216,32,22424,1978840,0.062,16.1,,,
2020-09-03,66855,1402,1253,37,22284,2001124,0.063,15.9,,,
2020-09-04,68605,1750,1292,39,22802,2023926,0.065,15.4,,,
2020-09-05,70160,1555,1329,37,22570,2046496,0.065,15.4,,,
2020-09-06,72394,2234,1361,32,23557,2070053,0.07,14.3,,,
2020-09-07,73780,1386,1394,33,22238,2092291,0.071,14.1,,,
2020-09-08,75721,1941,1427,33,23099,2115390,0.075,13.3,,,
2020-09-09,77878,2157,1453,26,22774,2138164,0.078,12.8,,,
2020-09-10,79767,1889,1491,38,22634,2160798,0.081,12.4,,,
2020-09-11,82197,2430,1524,33,23468,2184266,0.085,11.8,,,
2020-09-12,84435,2238,1553,29,23130,2207396,0.089,11.3,,,
2020-09-13,86686,2251,1578,25,22673,2230069,0.089,11.2,,,
2020-09-14,88203,1517,1614,36,21694,2251763,0.09,11.1,,,
2020-09-15,90324,2121,1648,34,22279,2274042,0.092,10.9,,,
2020-09-16,92016,1692,1686,38,21769,2295811,0.09,11.2,,,
2020-09-17,94504,2488,1714,28,,,0.093,10.7,,,
2020-09-18,97264,2760,1755,41,,2342307,0.095,10.5,,,
2020-09-19,99816,2552,1795,40,23874,2366181,0.097,10.3,,,
2020-09-20,101743,1927,1830,35,22934,2389115,0.095,10.6,,,
2020-09-21,103119,1376,1855,25,21461,2410576,0.094,10.6,,,
2020-09-22,105346,2227,1889,34,23293,2433869,0.094,10.6,,,
2020-09-23,107743,2397,1918,29,23504,2457373,0.097,10.3,,,
2020-09-24,110099,2356,1956,38,23778,2481151,0.096,10.4,,,
2020-09-25,112522,2423,1998,42,24000,2505151,0.094,10.7,,,
2020-09-26,115241,2719,2041,43,24246,2529397,0.095,10.6,,,
2020-09-27,117685,2444,2069,28,23953,2553350,0.097,10.3,,,
2020-09-28,119107,1422,2113,44,22307,2575657,0.097,10.3,,,
2020-09-29,121183,2076,2152,39,22829,2598486,0.096,10.4,,,
2020-09-30,123653,2470,2194,42,22828,2621314,0.097,10.3,,,
2020-10-01,126044,2391,2229,35,22546,2643860,0.098,10.2,,,
2020-10-02,128565,2521,2263,34,22598,2666458,0.099,10.1,,,
2020-10-03,131228,2663,2293,30,22678,2689136,0.1,10,,,
2020-10-04,133272,2044,2330,37,22067,2711203,0.099,10.1,,,
2020-10-05,134695,1423,2369,39,20704,2731907,0.1,10,,,
2020-10-06,137248,2553,2410,41,21975,2753882,0.103,9.7,,,
2020-10-07,140024,2776,2439,29,24483,2778365,0.104,9.6,,,
2020-10-08,142953,2929,2486,47,25126,2803491,0.106,9.4,,,
2020-10-09,146398,3445,2530,44,25162,2828653,0.11,9.1,,,
2020-10-10,149841,3443,2572,42,25131,2853784,0.113,8.8,,,
2020-10-11,152404,2563,2605,33,23718,2877502,0.115,8.7,,,
2020-10-12,153761,1357,2636,31,20309,2897811,0.115,8.7,,,
2020-10-13,156946,3185,2685,49,24200,2922011,0.117,8.5,,,
2020-10-14,160333,3387,2726,41,24448,2946459,0.121,8.3,,,
2020-10-15,163650,3317,2772,46,23428,2969887,0.124,8,,,
2020-10-16,167148,3498,2818,46,23601,2993488,0.126,7.9,,,
2020-10-17,170911,3763,2878,60,24000,3017488,0.129,7.8,,,
2020-10-18,173632,2721,2928,50,22693,3040181,0.13,7.7,,,
2020-10-19,175749,2117,2976,48,21038,3061219,0.135,7.4,,,
2020-10-20,179003,3254,3027,51,23309,3084528,0.136,7.4,,,
2020-10-21,182580,3577,3079,52,22902,3107430,0.138,7.2,,,
2020-10-22,186731,4151,3132,53,23336,3130766,0.143,7,,,
2020-10-23,190416,3685,3205,73,22705,3153471,0.145,6.9,,,
2020-10-24,194461,4045,3255,50,22778,3176249,0.148,6.7,,,
2020-10-25,197481,3020,3301,46,21368,3197617,0.151,6.6,,,
2020-10-26,199745,2264,3373,72,20361,3217978,0.153,6.5,,,
2020-10-27,203733,3988,3445,72,22780,3240758,0.158,6.3,,,
2020-10-28,207718,3985,3506,61,22086,3262844,0.162,6.2,,,
2020-10-29,212038,4320,3572,66,22201,3285045,0.164,6.1,,,
2020-10-30,215294,3256,3625,53,20278,3305323,0.164,6.1,,,
2020-10-31,219084,3790,3695,70,21327,3326650,0.164,6.1,,,
2020-11-01,222544,3460,3762,67,21222,3347872,0.167,6,,,
2020-11-02,225070,2526,3826,64,19799,3367671,0.169,5.9,,,
2020-11-03,229565,4495,3900,74,20871,3388542,0.175,5.7,,,
2020-11-04,235310,5745,3982,82,21511,3410053,0.187,5.3,,,
2020-11-05,240951,5641,4059,77,20807,3430860,0.198,5,,,
2020-11-06,246349,5398,4127,68,20591,3451451,0.213,4.7,,,
2020-11-07,252185,5836,4197,70,19993,3471444,0.229,4.4,,,
2020-11-08,256781,4596,4272,75,19870,3491314,0.239,4.2,,,
2020-11-09,259951,3170,4356,84,19103,3510417,0.244,4.1,,,
2020-11-10,265165,5214,4425,69,20983,3531400,0.249,4,,,
2020-11-11,270626,5461,4506,81,21727,3553127,0.247,4.1,,,
2020-11-12,276821,6195,4570,64,23565,3576692,0.246,4.1,,,
2020-11-13,282336,5515,4631,61,23704,3600396,0.242,4.1,,,
2020-11-14,288211,5875,4697,66,23123,3623519,0.237,4.2,,,
2020-11-15,293177,4966,4779,82,22811,3646330,0.235,4.3,,,
2020-11-16,296189,3012,4850,71,18332,3664662,0.235,4.3,,,
2020-11-17,301604,5415,4932,82,23563,3688225,0.232,4.3,,,
2020-11-18,306995,5391,5013,81,22819,3711044,0.23,4.3,,,
2020-11-19,311554,4559,5090,77,22490,3733534,0.221,4.5,,,
2020-11-20,316260,4706,5182,92,20190,3753724,0.221,4.5,,,
2020-11-21,320962,4702,5256,74,22954,3776678,0.214,4.7,,,
2020-11-22,324941,3979,5316,60,20198,3796876,0.211,4.7,,,
2020-11-23,327528,2587,5396,80,17566,3814442,0.209,4.8,,,
2020-11-24,331527,3999,5469,73,19107,3833549,0.206,4.9,,,
2020-11-25,336506,4979,5539,70,20953,3854502,0.206,4.9,,,
2020-11-26,340684,4178,5619,80,21428,3875930,0.205,4.9,,,
2020-11-27,345276,4592,5689,70,22017,3897947,0.201,5,,,
2020-11-28,349688,4412,5739,50,22223,3920170,0.2,5,,,
2020-11-29,353803,4115,5789,50,19180,3939350,0.203,4.9,,,
2020-11-30,356336,2533,5846,57,14550,3953900,0.207,4.8,,,
2020-12-01,359844,3508,5915,69,20885,3974785,0.2,5,,,
2020-12-02,364190,4346,5985,70,21100,3995885,0.196,5.1,,,
2020-12-03,368624,4434,6063,78,21106,4016991,0.198,5,,,
2020-12-04,372620,3996,6136,73,21610,4038601,0.194,5.1,,,
2020-12-05,376738,4118,6184,48,20150,4058751,0.195,5.1,,,
2020-12-06,379657,2919,6245,61,15700,4074451,0.191,5.2,,,
2020-12-07,381188,1531,6320,75,11985,4086436,0.188,5.3,,,
2020-12-08,384088,2900,6370,50,17046,4103482,0.188,5.3,,,
2020-12-09,388184,4096,6427,57,19181,4122663,0.189,5.3,,,
2020-12-10,391529,3345,6492,65,19179,4141842,0.183,5.5,,,
2020-12-11,394564,3035,6542,50,19227,4161069,0.179,5.6,,,
2020-12-12,397597,3033,6589,47,18550,4179619,0.173,5.8,,,
2020-12-13,399609,2012,6624,35,15141,4194760,0.166,6,,,
2020-12-14,400826,1217,6659,35,9652,4204412,0.166,6,,,
2020-12-15,403619,2793,6711,52,16495,4220907,0.166,6,,,
2020-12-16,406970,3351,6749,38,16782,4237689,0.163,6.1,,,
2020-12-17,409746,2776,6804,55,17010,4254699,0.161,6.2,,,
2020-12-18,412393,2647,6854,50,15160,4269859,0.164,6.1,,,
2020-12-19,415226,2833,6909,55,17781,4287640,0.163,6.1,,,
2020-12-20,417125,1899,6957,48,13356,4300996,0.165,6.1,,,
2020-12-21,418002,877,7000,43,7131,4308127,0.166,6,,,
2020-12-22,420648,2646,7030,30,14862,4322989,0.167,6,,,
2020-12-23,423214,2566,7086,56,15965,4338954,0.16,6.2,,,
2020-12-24,425864,2650,7130,44,15500,4354454,0.162,6.2,,,
2020-12-25,428193,2329,7170,40,15117,4369571,0.158,6.3,,,
2020-12-26,430562,2369,7204,34,14850,4384421,0.158,6.3,,,
2020-12-27,432079,1517,7240,36,10409,4394830,0.159,6.3,,,
2020-12-28,433029,950,7272,32,9578,4404408,0.156,6.4,,,
2020-12-29,435189,2160,7314,42,17466,4421874,0.147,6.8,,,
2020-12-30,437332,2143,7355,41,17806,4439680,0.14,7.1,,,
2020-12-31,439193,1861,7388,33,17669,4457349,0.13,7.7,,,
2021-01-01,440970,1777,7425,37,16355,4473704,0.123,8.1,,,
2021-01-02,442141,1171,7452,27,13280,4486984,0.113,8.9,,,
2021-01-03,443146,1005,7485,33,12450,4499434,0.106,9.5,,,
2021-01-04,443802,656,7538,53,7858,4507292,0.105,9.6,,,
2021-01-05,445439,1637,7581,43,17131,4524423,0.1,10,,,
2021-01-06,447081,1642,7618,37,16953,4541376,0.096,10.4,,,
2021-01-07,448678,1597,7645,27,18378,4559754,0.093,10.8,,,
2021-01-08,450221,1543,7685,40,17544,4577298,0.089,11.2,,,
2021-01-09,451637,1416,7709,24,21574,4598872,0.085,11.8,,,
2021-01-10,452532,895,7743,34,15268,4614140,0.082,12.2,,,
2021-01-11,452988,456,7767,24,6883,4621023,0.081,12.4,,,
2021-01-12,453789,801,7784,17,10354,4631377,0.078,12.8,,,
2021-01-13,455055,1266,7810,26,18017,4649394,0.074,13.5,,,
2021-01-14,456334,1279,7854,44,19860,4669254,0.07,14.3,,,
2021-01-15,457625,1291,7888,34,20621,4689875,0.066,15.2,,,
2021-01-16,458865,1240,7911,23,19823,4709698,0.065,15.3,,,
2021-01-17,459671,806,7942,31,16372,4726070,0.064,15.7,,,
2021-01-18,460144,473,7977,35,7828,4733898,0.063,15.8,,,
2021-01-19,461390,1246,8011,34,15970,4749868,0.064,15.6,,,
2021-01-20,462542,1152,8043,32,15514,4765382,0.065,15.5,,,
2021-01-21,463706,1164,8076,33,15995,4781377,0.066,15.2,,,
2021-01-22,464844,1138,8105,29,15833,4797210,0.067,14.9,,,
2021-01-23,465769,925,8128,23,16330,4813540,0.066,15,,,
2021-01-24,466289,520,8150,22,9082,4822622,0.069,14.6,,,
2021-01-25,466626,337,8172,22,5779,4828401,0.069,14.6,,,
2021-01-26,467493,867,8187,15,12060,4840461,0.067,14.8,,,
2021-01-27,468383,890,8207,20,13477,4853938,0.066,15.2,,,
2021-01-28,469139,756,8224,17,641,4854579,0.074,13.5,,,
2021-01-29,469990,851,8246,22,14099,4868678,0.072,13.9,,,
2021-01-30,470691,701,8259,13,14415,4883093,0.071,14.1,,,
2021-01-31,471157,466,8275,16,21740,4904833,0.059,16.9,,,36000
2021-02-01,471438,281,8287,12,4970,4909803,0.059,16.9,,,74081
2021-02-02,472273,835,8309,22,11202,4921005,0.059,16.8,,,57210
2021-02-03,473047,774,8323,14,12651,4933656,0.059,17.1,,,51107
2021-02-04,473667,620,8351,28,,,0.05,20.2,,,43325
2021-02-05,474379,712,8368,17,,4958235,0.049,20.4,,,56512
2021-02-06,474966,587,8381,13,13593,4971828,0.048,20.8,,,55731
2021-02-07,475355,389,8394,13,8346,4980174,0.056,17.9,,,
2021-02-08,475589,234,8408,14,5120,4985294,0.055,18.2,,,
2021-02-09,476125,536,8424,16,9378,4994672,0.052,19.1,,,65032
2021-02-10,476689,564,8436,12,10840,5005512,0.051,19.7,,,130935
2021-02-11,477160,471,8440,4,10456,5015968,0.05,20,,,109202
2021-02-12,477656,496,8450,10,11125,5027093,0.048,21,,,256785
2021-02-13,478135,479,8460,10,10958,5038051,0.048,20.9,,,276436
2021-02-14,478474,339,8477,17,7779,5045830,0.048,21,,,
2021-02-15,478595,121,8491,14,4367,5050197,0.046,21.6,,,
2021-02-16,479071,476,8504,13,8950,5059147,0.046,21.9,,,197078
2021-02-17,479579,508,8517,13,9601,5068748,0.046,21.9,,,176844
2021-02-18,480056,477,8524,7,10589,5079337,0.046,21.9,,,152110
2021-02-19,480504,448,8540,16,9886,5089223,0.046,21.8,2357283,4867,129027
2021-02-20,480948,444,8548,8,9972,5099195,0.046,21.7,2447716,13476,99042
2021-02-21,481155,207,8554,6,7788,5106983,0.044,22.8,,,
2021-02-22,481263,108,8559,5,4890,5111873,0.043,23.1,2552017,23667,
2021-02-23,481709,446,8574,15,8507,5120380,0.043,23.2,2635859,31232,91407
2021-02-24,482128,419,8592,18,9351,5129731,0.042,23.9,2911635,37310,281854
2021-02-25,482514,386,8598,6,10478,5140209,0.04,24.8,3160479,43626,255160
2021-02-26,482994,480,8608,10,11509,5151718,0.04,25.1,3327858,96437,220190
2021-02-27,483410,416,8615,7,12003,5163721,0.038,26.2,3435997,161906,173608
2021-02-28,483654,244,8623,8,,,0.039,25.8,,,
2021-03-01,483766,112,8637,14,,,0.037,26.9,3568670,232980,
2021-03-02,484159,393,8645,8,,5186942,0.037,27.2,3657468,293857,149675
2021-03-03,484753,594,8653,8,10654,5197596,0.039,25.9,3745173,360689,154537
2021-03-04,485147,394,8669,16,13020,5210616,0.037,26.7,3820097,413032,127267
2021-03-05,485567,420,8673,4,12288,5222904,0.036,27.7,3877687,499942,144500
2021-03-06,485974,407,8676,3,11672,5234576,0.036,27.6,3913615,578942,114928
2021-03-07,486223,249,8682,6,8624,5243200,0.036,27.9,,,
2021-03-08,486325,102,8683,1,4184,5247384,0.038,26.6,3961941,651351,
2021-03-09,486833,508,8695,12,9295,5256679,0.038,26.1,4017087,717113,120908
2021-03-10,487286,453,8705,10,10968,5267647,0.036,27.7,4080009,854274,200083
2021-03-11,487750,464,8712,7,12344,5279991,0.038,26.7,4130606,972079,168402
2021-03-12,488181,431,8716,4,13082,5293073,0.037,26.8,4169133,1224959,291407
2021-03-13,488632,451,8718,2,11923,5304996,0.038,26.5,4210770,1471738,288416
2021-03-14,488937,305,8723,5,7605,5312601,0.039,25.6,,,
2021-03-15,489096,159,8733,10,3519,5316120,0.04,24.8,4225311,1767472,
2021-03-16,489622,526,8737,4,10809,5326929,0.04,25.2,4236386,1960996,204599
2021-03-17,490088,466,8745,8,9960,5336889,0.04,24.7,4244651,2116081,163350
2021-03-18,490575,487,8748,3,10285,5347174,0.042,23.8,,,
2021-03-19,491019,444,8755,7,10281,5357455,0.044,22.7,4258813,2352348,
2021-03-20,491463,444,8763,8,11678,5369133,0.044,22.7,4264168,2423380,76387
2021-03-21,491709,246,8767,4,6358,5375491,0.044,22.7,,,
2021-03-22,491834,125,8769,2,4429,5379920,0.043,23.3,4264761,2516742,
2021-03-23,492403,569,8775,6,9786,5389706,0.044,22.6,4265196,2593204,76897
2021-03-24,492842,439,8786,11,10064,5399770,0.044,22.8,4284060,2844916,270576
2021-03-25,493353,511,8788,2,11564,5411334,0.043,23.1,4289281,3071117,231422
2021-03-26,493867,514,8793,5,12072,5423406,0.043,23.2,4293544,3231742,164888
2021-03-27,494358,491,8798,5,12594,5436000,0.043,23.1,4302183,3332292,109189
2021-03-28,494659,301,8798,0,7945,5443945,0.043,23.2,,,
2021-03-29,494756,97,8807,9,4206,5448151,0.043,23.4,4302897,3455603,
2021-03-30,495421,665,8813,6,11935,5460086,0.043,23.3,4315802,3566498,123800
2021-03-31,496097,676,8818,5,13297,5473383,0.044,22.6,4320349,3674251,112300
2021-04-01,496676,579,8825,7,,,0.044,22.7,4329244,3767210,101854
2021-04-02,497257,581,8835,10,,5499948,0.044,22.6,4331082,3840569,75197
2021-04-03,497832,575,8842,7,14348,5514296,0.044,22.5,4348995,3891875,69219
2021-04-04,498197,365,8850,8,7404,5521700,0.046,22,,,
2021-04-05,498329,132,8857,7,4027,5525727,0.046,21.7,4352033,3951023,
2021-04-06,499025,696,8865,8,11988,5537715,0.046,21.5,4382917,3992324,72185
2021-04-07,499688,663,8867,2,13782,5551497,0.046,21.8,4410023,4038083,72865
2021-04-08,500323,635,8873,6,13757,5565254,0.046,21.5,4433939,4075290,61123
2021-04-09,500948,625,8885,12,13298,5578552,0.047,21.3,4449047,4103257,43075
2021-04-10,501688,740,8891,6,11627,5590179,0.051,19.7,4471831,4134740,54267
2021-04-11,502102,414,8900,9,8998,5599177,0.05,19.8,4486628,4148610,28667
2021-04-12,502277,175,8909,9,4977,5604154,0.05,19.9,,,
2021-04-13,502961,684,8915,6,9620,5613774,0.052,19.3,4495477,4155395,
2021-04-14,503664,703,8920,5,9584,5623358,0.055,18.1,4529399,4166701,45228
2021-04-15,504260,596,8927,7,9817,5633175,0.058,17.3,4554000,4174449,32349
2021-04-16,504847,587,8934,7,8842,5642017,0.061,16.3,4583664,4180155,35370
2021-04-17,505447,600,8944,10,10027,5652044,0.061,16.5,4655007,4186449,77637
2021-04-18,505811,364,8945,1,5492,5657536,0.064,15.7,,,
2021-04-19,505949,138,8952,7,3587,5661123,0.063,15.1,4672326,4188336,19206
2021-04-20,506669,720,8959,7,8468,5669591,0.063,15.1,4684557,4193888,17783
